{
	"forge_marker": 1,
	"defaults": {
		"model": "minecraft:cube_all",
		"transform": "forge:default-block"
	},
	"variants": {
		"normal": [{}],
		"inventory": [{}],
		"variant": {
			"coal": {
				"textures": {
					"all": "geolosys:blocks/coal"
				}
			},
			"cinnabar": {
				"textures": {
					"all": "geolosys:blocks/cinnabar"
				}
			},
			"gold": {
				"textures": {
					"all": "geolosys:blocks/gold"
				}
			},
			"lapis": {
				"textures": {
					"all": "geolosys:blocks/lapis"
				}
			},
			"quartz": {
				"textures": {
					"all": "geolosys:blocks/quartz"
				}
			},
			"kimberlite": {
				"textures": {
					"all": "geolosys:blocks/kimberlite"
				}
			}
		}
	}
}
